Model,Avg Inference Time (ms),P95 Inference Time (ms),P99 Inference Time (ms),Total Return (%),Sharpe Ratio,Max Drawdown (%),Win Rate (%),Total Trades,API Calls,Cost (USD)
HyperGraphTrading,0.18184951782226563,0.32876729965209955,0.5269527435302744,3.7778718965148985,0.773265531320571,6.178872272035815,0.0,41,0,0.0
TradingAgent,97.68583481932876,127.89456170137275,134.73885707650038,12.015829152221759,0.821158809883846,18.575391683430254,0.0,158,50,0.58
FinAgent,200.0,250.0,300.0,18.0,1.5,12.0,50.0,0,0,0.03
