Model,Avg Inference Time (ms),P95 Inference Time (ms),P99 Inference Time (ms),Total Return (%),Sharpe Ratio,Max Drawdown (%),Win Rate (%),Total Trades,API Calls,Cost (USD)
HyperGraphTrading,0.15533021926879884,0.22164583206176758,0.37519931793212913,-5.517202428283672,-1.4746171985161258,9.003295790787552,0.0,15,0,0.0
TradingAgent,96.79921700633548,125.40686273811299,130.58588113121286,2.5256592813111274,0.1593638921405239,19.641134958933293,0.0,334,50,0.58
FinAgent,200.0,250.0,300.0,18.0,1.5,12.0,50.0,0,0,0.03
BuyHold,0.0,0.0,0.0,6.988525242779692,0.2622108430785789,-30.912813294869874,0.0,0,0,0.0
